台風番号,種別,年月日,曜日,都道府県,地点,時間,気圧(hPa),風速(kt)
195106,上陸,1951-07-01,日,高知,高知清水と宿毛の間,22時,976,90
195106,再上陸,1951-07-02,月,兵庫,神戸付近,9時,993,
195115,上陸,1951-10-14,日,鹿児島,串木野付近,19時,952,75
195202,上陸,1952-06-23,月,静岡,浜名湖付近,23時,970,55
195204,上陸,1952-07-15,火,鹿児島,（大隅半島）,9時,998,30
195209,上陸,1952-08-19,火,北海道,（渡島半島）,21時,990,40
195302,上陸,1953-06-07,日,熊本,南部（八代市付近）,9時,988,45
195313,上陸,1953-09-25,金,三重,志摩半島付近,17時過ぎ,930,65
195313,再上陸,1953-09-25,金,愛知,（知多半島）,,,
195405,上陸,1954-08-18,水,鹿児島,西部（薩摩川内市付近）,3時,940,100
195405,再上陸,1954-08-18,水,愛媛,（宇和島市付近）,15時,970,
195405,再上陸,1954-08-19,木,兵庫,（明石市付近）,3時,980,
195412,上陸,1954-09-13,月,鹿児島,薩摩半島開聞岳付近,15時,955,100
195413,上陸,1954-09-07,火,鹿児島,大隅半島東岸,15時,960,80
195414,上陸,1954-09-18,土,静岡,（伊豆半島付近）,21時,976,60
195414,通過,1954-09-18,土,神奈川,（三浦半島付近）,,,
195414,再上陸,1954-09-18,土,千葉,（木更津市付近）,,,
195415,上陸,1954-09-25,土,鹿児島,（薩摩半島）,21時,970,75
195415,再上陸,1954-09-26,日,広島,（呉市と竹原市の間）,,,
195508,上陸,1955-07-16,土,宮崎,宮崎市付近,15時,995,50
195522,上陸,1955-09-29,木,鹿児島,薩摩半島付近,22時過ぎ,940,70
195523,上陸,1955-10-04,火,山口,（防府市付近）,3時,985,60
195523,再上陸,1955-10-05,水,秋田,（酒田市付近）,,,
195526,上陸,1955-10-20,木,和歌山,田辺市付近,12時,985,50
195603,上陸,1956-04-25,水,鹿児島,大隅半島付近,3時,997,60
195609,上陸,1956-08-18,土,北海道,（渡島半島）,21時,994,35
195615,上陸,1956-09-27,木,静岡,（伊豆半島）,9時,968,70
195615,再上陸,1956-09-27,木,神奈川,（藤沢市付近）,,,
195615,再上陸,1956-09-27,木,千葉,（習志野市）,,,
195710,上陸,1957-09-06,金,鹿児島,大隅半島（指宿市付近）,20時,958,85
195710,再上陸,1957-09-06,金,鹿児島,（鹿屋市付近）,21時,956,
195710,再上陸,1957-09-07,土,愛媛,宇和島市付近,9時,982,
195710,再上陸,1957-09-07,土,兵庫,赤穂市付近,,,
195811,上陸,1958-07-23,水,静岡,（御前崎市付近）,3時,970,75
195811,再上陸,1958-07-00,-,北海道,（根室市付近）,,,
195817,上陸,1958-08-25,月,和歌山,（御坊市付近）,15時,970,65
195821,通過,1958-09-18,木,静岡,伊豆半島付近,3時,955,95
195821,上陸,1958-09-18,木,神奈川,（鎌倉市付近）,8時,950,90
195821,再上陸,1958-09-18,木,千葉,（船橋市付近）,9時,962,
195822,上陸,1958-09-27,土,神奈川,相模湾,0時,955,70
195822,再上陸,1958-09-28,日,北海道,（根室市付近）,9時,992,
195906,上陸,1959-08-08,土,鹿児島,大隅半島,3時,966,70
195906,再上陸,1959-08-08,土,高知,（室戸市付近）,,,
195906,再上陸,1959-08-09,日,和歌山,（有田市付近）,3時,974,
195907,上陸,1959-08-14,金,静岡,富士川河口付近,6時半,965,90
195915,上陸,1959-09-26,土,和歌山,潮岬西方,15時,920,140
195915,通過,1959-09-27,日,新潟,（佐渡市付近）,,,
195915,再上陸,1959-09-27,日,秋田,（男鹿半島付近）,,,
195916,通過,1959-10-06,火,宮崎,都井岬付近,21時,990,60
195916,上陸,1959-10-07,水,高知,東部（安芸市付近）,3時,990,60
196011,上陸,1960-08-11,木,高知,（室戸市付近）,3時,980,80
196011,再上陸,1960-08-11,木,岡山,（倉敷市付近）,,,
196011,再上陸,1960-08-12,金,秋田,（男鹿半島付近）,9時,996,
196012,上陸,1960-08-12,金,高知,室戸岬の西方,17時,990,75
196012,再上陸,1960-08-12,金,兵庫,（姫路市付近）,,,
196012,通過,1960-08-13,土,石川,（能登半島）,,,
196012,再上陸,1960-08-13,土,新潟,新潟市付近,,,
196016,上陸,1960-08-29,月,高知,高知市付近,14時,970,65
196016,再上陸,1960-08-29,月,岡山,（倉敷市付近）,,,
196019,上陸,1960-09-02,金,熊本,西岸,3時,1008,-
196111,上陸,1961-07-31,月,鹿児島,（大隅半島）,9時,992,50
196118,上陸,1961-09-16,土,高知,室戸岬,9時,925,90
196124,上陸,1961-10-10,火,千葉,房総半島（南部付近）,3時,945,80
196207,上陸,1962-07-27,金,和歌山,紀伊半島南部（田辺市付近）,15時,978,50
196209,上陸,1962-08-03,金,北海道,渡島半島,21時,988,35
196213,上陸,1962-08-21,火,鹿児島,北西部（阿久根市付近）,21時,980,75
196213,再上陸,1962-08-22,水,広島,,,,
196214,上陸,1962-08-26,日,三重,紀伊半島（尾鷲市の北東）,3時,955,75
196214,再上陸,1962-08-27,月,北海道,（襟裳岬付近）,,,
196215,上陸,1962-08-28,火,鹿児島,佐多岬付近,3時,998,40
196303,上陸,1963-06-13,木,高知,（宿毛市西付近）,21時,994,35
196303,再上陸,1963-06-14,金,岡山,（浅口市付近）,,,
196303,再上陸,1963-06-14,金,秋田,（男鹿半島付近）,,,
196309,上陸,1963-08-09,金,宮崎・大分,境付近,9時,965,95
196309,再上陸,1963-08-12,月,秋田,（男鹿半島付近）,,,
196414,上陸,1964-08-23,日,鹿児島,枕崎付近,15時,965,70
196414,再上陸,1964-08-24,月,岡山,（笠岡市付近）,,,
196414,通過,1964-08-25,火,石川,（能登半島）,,,
196414,通過,1964-08-25,火,新潟,佐渡島,,,
196414,再上陸,1964-08-25,火,山形,（鶴岡市付近）,,,
196420,上陸,1964-09-24,木,鹿児島,佐多岬,15時,940,100
196420,再上陸,1964-09-00,-,愛媛,（愛南町付近）,,,
196420,再上陸,1964-09-25,金,兵庫,（赤穂市付近）,,,
196420,再上陸,1964-09-25,金,石川,加賀市付近,9時,980,
196420,再上陸,1964-09-25,金,新潟,（柏崎市と燕市の間）,,,
196506,上陸,1965-05-27,木,千葉,（房総半島南部）,9時,978,65
196515,上陸,1965-08-06,金,鹿児島,（長島町付近）,3時,940,130
196515,再上陸,1965-08-06,金,山口,（防府市付近）,9時,960,
196517,上陸,1965-08-22,日,静岡,（伊豆半島）,21時,970,70
196517,再上陸,1965-08-23,月,神奈川,（茅ケ崎市付近）,,,
196523,上陸,1965-09-10,金,高知,安芸市付近,3時,940,120
196523,再上陸,1965-09-10,金,兵庫,（高砂市付近）,,,
196523,再上陸,1965-09-10,金,北海道,（渡島半島付近）,,,
196524,上陸,1965-09-17,金,三重,志摩半島付近,21時,955,85
196524,再上陸,1965-09-17,金,愛知,（渥美半島）,,,
196524,再上陸,1965-09-18,土,北海道,（浦河町付近）,,,
196614,上陸,1966-08-22,月,静岡,御前崎付近,12時過ぎ,990,45
196615,上陸,1966-08-23,火,宮崎,宮崎市付近,7時,975,60
196619,上陸,1966-09-09,金,広島,東部（竹原市付近）,21時前,992,35
196619,再上陸,1966-09-10,土,秋田,（能代市付近）,,,
196624,上陸,1966-09-25,日,高知,安芸市付近,10時,988,35
196624,再上陸,1966-09-25,日,兵庫,（明石市付近）,,,
196626,上陸,1966-09-24,土,静岡,御前崎の西,0時過ぎ,960,100
196715,上陸,1967-08-13,日,長崎,北部（佐世保市の西付近）,6時,992,39
196718,上陸,1967-08-22,火,和歌山,串本町付近,14時,980,50
196718,再上陸,1967-08-23,水,静岡,（浜松市付近）,9時,995,35
196718,再上陸,1967-08-23,水,静岡,（伊豆半島）,15時,996,
196718,再上陸,1967-08-23,水,神奈川,逗子市付近,,,
196718,再上陸,1967-08-23,水,千葉,（袖ヶ浦市付近）,,,
196734,通過,1967-10-28,土,三重,志摩半島,,,
196734,上陸,1967-10-28,土,愛知,伊良湖岬,3時半,968,45
196804,上陸,1968-07-28,日,高知,須崎市付近,0.8125,975,40
196804,再上陸,1968-07-28,日,山口,（岩国市付近）,,,
196804,再上陸,1968-07-29,月,長崎,（松浦市と平戸市の間）,,,
196804,再上陸,1968-07-29,月,長崎,長崎市付近,,,
196804,再上陸,1968-07-30,火,熊本,（宇土市付近）,3時,988,
196810,上陸,1968-08-29,木,鹿児島,薩摩半島,2時,982,35
196810,再上陸,1968-08-29,木,広島,（尾道市付近）,,,
196810,再上陸,1968-08-29,木,石川,（加賀市付近）,,,
196816,上陸,1968-09-24,火,鹿児島,北西部（阿久根市付近）,22時,955,65
196907,上陸,1969-08-04,月,和歌山,潮岬の西,0.8125,985,45
196907,再上陸,1969-08-05,火,愛知,（知多半島付近）,,,
196909,上陸,1969-08-22,金,鹿児島,薩摩半島西岸,10時,960,*90
196909,再上陸,1969-08-22,金,高知,（足摺岬付近）,,,
196909,再上陸,1969-08-22,金,高知,（室戸市付近）,,,
196909,再上陸,1969-08-23,土,和歌山,御坊市付近,,,
196909,再上陸,1969-08-23,土,愛知,（常滑市）,,,
196909,再上陸,1969-08-24,日,北海道,襟裳岬付近,,,
197002,上陸,1970-07-05,日,和歌山,潮岬と白浜の間,0.7708333333333334,955,65
197009,上陸,1970-08-14,金,長崎,長崎市付近,23時,945,95
197009,再上陸,1970-08-15,土,山口,（下関市付近）,,,
197010,上陸,1970-08-21,金,高知,土佐佐賀町付近,8時過ぎ,955,*100
197010,再上陸,1970-08-21,金,広島,（呉市と竹原市の間）,,,
197113,上陸,1971-07-07,水,静岡,浜名湖付近,0.8055555555555556,992,*40
197119,上陸,1971-08-05,木,長崎,島原半島,0.4097222222222222,950,*80
197119,再上陸,1971-08-05,木,佐賀,佐賀市の南,0.4861111111111111,,
197123,上陸,1971-08-29,日,鹿児島,大隅半島佐多岬付近,0.9791666666666666,940,*90
197123,再上陸,1971-08-30,月,高知,足摺岬,15時過ぎ,975,
197123,再上陸,1971-08-31,火,大阪,（泉大津市付近）,,,
197123,再上陸,1971-08-31,火,千葉,南房総市付近,,,
197129,上陸,1971-09-26,日,和歌山,潮岬の西,13時,990,*50
197206,上陸,1972-07-15,土,愛知,知多半島付近,20時,985,60
197209,上陸,1972-07-23,日,宮崎・大分,境付近,20時,970,70
197220,上陸,1972-09-16,土,和歌山,潮岬付近,0.7708333333333334,960,90
197306,上陸,1973-07-25,水,熊本,宇土半島,20時,1000,25
197306,再上陸,1973-07-29,日,愛知,渥美半島,9時,998,25
197414,上陸,1974-08-26,月,静岡,浜名湖付近,10時,975,50
197416,上陸,1974-09-01,日,高知,須崎市の南西,0.7638888888888888,955,85
197418,上陸,1974-09-08,日,鹿児島,枕崎市付近,0.8402777777777778,980,65
197505,上陸,1975-08-17,日,高知,宿毛市付近,0.3680555555555556,960,80
197505,再上陸,1975-08-17,日,山口,徳山市付近,,,
197506,上陸,1975-08-23,土,兵庫,神戸市付近,5時30分過ぎ,970,80
197612,上陸,1976-07-25,日,鹿児島,志布志湾西部,0時過ぎ,990,35
197617,上陸,1976-09-13,月,長崎,長崎市付近,0.06944444444444445,955,65
197707,通過,1977-08-22,月,沖縄,石垣島付近,21時,990,40
197707,上陸,1977-08-24,水,鹿児島・熊本,,9時,985,50
197803,上陸,1978-06-20,火,長崎,西彼杵半島,18時,990,40
197808,上陸,1978-08-02,水,鹿児島,阿久根市付近,18時,985,40
197808,再上陸,1978-08-03,木,広島,,,,
197813,上陸,1978-08-20,日,徳島,南部（阿南市付近）,0.7291666666666666,998,40
197818,通過,1978-09-15,金,長崎,壱岐,13時,970,65
197818,上陸,1978-09-15,金,山口,下関の北（豊浦郡北町付近）,16時,975,60
197912,上陸,1979-09-03,月,鹿児島,志布志湾,0.8958333333333334,990,45
197912,再上陸,1979-09-04,火,愛媛,（南予）,早朝,,
197912,再上陸,1979-09-04,火,岡山,（南部）倉敷市付近,昼,,
197912,通過,1979-09-04,火,石川,能登半島,,,
197912,再上陸,1979-09-05,水,秋田,,,,
197916,上陸,1979-09-30,日,高知,室戸岬付近,0.7708333333333334,955,65
197916,再上陸,1979-09-30,日,大阪,大阪市付近,23時,960,65
197920,上陸,1979-10-19,金,和歌山,白浜付近,0.4027777777777778,965,*70
197920,再上陸,1979-10-19,金,北海道,釧路市付近,23時,965,70
198013,上陸,1980-09-11,木,鹿児島,大隅半島南端,8時前,965,70
198105,上陸,1981-06-22,月,長崎,長崎北部,20時過ぎ,990,45
198110,上陸,1981-07-31,金,宮崎,日南市付近,0.0625,975,45
198115,上陸,1981-08-23,日,千葉,館山市付近,4時過ぎ,965,*70
198210,上陸,1982-08-02,月,愛知,渥美半島西部,0時,970,*60
198213,上陸,1982-08-27,金,宮崎,都井岬付近,0時過ぎ,955,*80
198213,再上陸,1982-08-27,金,山口,（防府市と周南市の間）,,,
198218,上陸,1982-09-12,日,静岡,御前崎付近,18時,968,*70
198219,上陸,1982-09-25,土,愛媛,宇和島市付近,0.10416666666666667,978,*50
198219,再上陸,1982-09-25,土,広島,,,,
198305,上陸,1983-08-17,水,愛知,渥美半島,7時過ぎ,972,*50
198310,上陸,1983-09-28,水,長崎,長崎市付近,0.4305555555555556,975,*60
198506,通過,1985-07-01,月,静岡,御前崎付近,2時,965,65
198506,上陸,1985-07-01,月,静岡,田子の浦,3時,968,*70
198513,上陸,1985-08-31,土,鹿児島,枕崎市付近,4時,955,*80
198513,再上陸,1985-09-01,日,北海道,桧山支庁中部,14時,985,*50
198514,上陸,1985-08-30,金,神奈川,横須賀市付近,23時,994,*50
198719,上陸,1987-10-17,土,高知,室戸市付近,0時,965,70
198719,再上陸,1987-10-17,土,兵庫,明石市付近,4時過ぎ,975,60
198719,通過,1987-10-17,土,石川,能登半島,9時,986,55
198719,再上陸,1987-10-17,土,秋田・青森,境付近,18時過ぎ,986,55
198811,上陸,1988-08-15,月,和歌山,潮岬付近,20時,1000,35
198813,通過,1988-08-16,火,三重,志摩半島,,,
198813,上陸,1988-08-16,火,三重・愛知,木曽川河口付近,0.6458333333333334,1000,35
198906,上陸,1989-06-24,土,鹿児島,枕崎市付近,0.22916666666666666,985,50
198911,上陸,1989-07-27,木,鹿児島,大隅半島南部,0.9861111111111112,960,75
198913,上陸,1989-08-06,日,千葉,銚子市付近,15時,970,60
198917,上陸,1989-08-27,日,高知,室戸市付近,9時,975,55
198917,再上陸,1989-08-27,日,大阪,大阪市付近,15時,980,50
198917,再上陸,1989-08-28,月,秋田・青森,境付近,5時,985,50
198917,再上陸,1989-08-28,月,北海道,函館市付近,8時,985,50
198917,再上陸,1989-08-28,月,北海道,（苫小牧市の東）,14時,985,50
198922,上陸,1989-09-19,火,鹿児島,大隅半島南部,0.5625,970,70
198922,再上陸,1989-09-20,水,静岡,伊豆半島南部,0.14583333333333334,980,55
198922,再上陸,1989-09-20,水,千葉,房総半島南部,5時,980,55
199011,上陸,1990-08-10,金,静岡,御前崎付近,7時,975,60
199011,通過,1990-08-11,土,北海道,根室半島西部,12時,992,40
199014,上陸,1990-08-22,水,広島,広島市付近,13時,970,65
199019,上陸,1990-09-19,水,和歌山,白浜町の南,20時過ぎ,940,85
199020,通過,1990-09-29,土,宮崎,都井岬付近,17時,970,65
199020,上陸,1990-09-30,日,和歌山,白浜町付近,0.3958333333333333,980,55
199020,再上陸,1990-09-30,日,愛知,蒲郡市付近,15時前,992,45
199021,上陸,1990-10-08,月,和歌山,田辺市付近,10時半,982,55
199028,上陸,1990-11-30,金,和歌山,白浜町の南,14時,970,65
199114,上陸,1991-08-31,土,静岡,浜松市付近,2時半,992,40
199117,通過,1991-09-13,金,沖縄,沖縄本島,6時,960,75
199117,上陸,1991-09-14,土,長崎,長崎市付近,5時半,965,70
199117,再上陸,1991-09-14,土,山口,（西岸）,9時過ぎ,980,60
199117,再上陸,1991-09-14,土,新潟,（新潟市付近）,20時半過ぎ,996,45
199119,上陸,1991-09-27,金,長崎,佐世保市の南,16時過ぎ,940,95
199119,再上陸,1991-09-28,土,北海道,渡島半島,8時前,955,80
199209,上陸,1992-08-04,火,高知,足摺岬付近,13時半,990,45
199209,再上陸,1992-08-04,火,福岡,行橋市付近,19時過ぎ,996,40
199210,通過,1992-08-07,金,鹿児島,奄美大島,16時,945,85
199210,上陸,1992-08-08,土,熊本,玉名市付近,9時半,965,70
199210,再上陸,1992-08-08,土,山口,宇部市付近,13時過ぎ,975,60
199211,上陸,1992-08-18,火,宮崎・大分,境付近,21時前,985,45
199211,再上陸,1992-08-19,水,山口,宇部市付近,2時半,990,40
199304,上陸,1993-07-25,日,徳島,日和佐町付近,2時過ぎ,990,45
199304,再上陸,1993-07-25,日,岡山,備前市付近,5時前,994,40
199305,上陸,1993-07-27,火,鹿児島,大隅半島（肝付町付近）,11時,990,40
199305,再上陸,1993-07-27,火,山口,徳山市付近,17時半,990,40
199306,通過,1993-07-29,木,沖縄,沖永良部島付近,9時,975,60
199306,上陸,1993-07-29,木,長崎,長崎市付近,24時前,980,55
199311,通過,1993-08-27,金,千葉,銚子市付近,16時前,970,65
199311,上陸,1993-08-28,土,北海道,釧路市付近,11時半,980,55
199313,通過,1993-09-02,木,沖縄,宮古島付近,7時半,940,85
199313,上陸,1993-09-03,金,鹿児島,薩摩半島南部（指宿市付近）,16時前,930,95
199313,再上陸,1993-09-03,金,愛媛,八幡浜市付近,23時半,965,65
199313,再上陸,1993-09-04,土,広島,福山市付近,1時半,970,65
199314,上陸,1993-09-09,木,和歌山,南部（田辺市付近）,6時過ぎ,992,40
199407,上陸,1994-07-25,月,高知,西部（大月町付近）,14時前,985,50
199407,通過,1994-07-25,月,愛媛,伊方町付近,18時過ぎ,990,45
199407,通過,1994-07-25,月,大分,国東市付近,21時過ぎ,992,40
199407,通過,1994-07-26,火,福岡,（北九州市付近）,3時過ぎ,994,35
199411,上陸,1994-08-02,火,青森,津軽半島（中泊町付近）,22時過ぎ,996,35
199426,上陸,1994-09-29,木,和歌山,南部（みなべ町付近）,19時半,950,80
199514,通過,1995-09-23,土,沖縄,石垣島付近,0時半,955,75
199514,上陸,1995-09-24,日,鹿児島,川内市付近,0時,975,65
199514,再上陸,1995-09-24,日,山口,下松市付近,4時,985,60
199606,通過,1996-07-18,木,鹿児島,屋久島付近,8時半,950,75
199606,上陸,1996-07-18,木,鹿児島,薩摩半島南部（指宿市付近）,13時過ぎ,960,75
199612,通過,1996-08-12,月,沖縄,本島中部,15時過ぎ,960,70
199612,上陸,1996-08-14,水,熊本,熊本市付近,10時過ぎ,960,75
199612,再上陸,1996-08-14,水,山口,徳山市付近,15時過ぎ,970,65
199612,通過,1996-08-15,木,新潟,佐渡島,6時半,985,50
199612,再上陸,1996-08-15,木,新潟,村上市付近,9時,985,50
199707,通過,1997-06-20,金,三重,大玉崎付近,10時,975,60
199707,上陸,1997-06-20,金,愛知,豊橋市付近,11時半,980,55
199708,上陸,1997-06-28,土,長崎,長崎市付近,9時過ぎ,975,60
199708,再上陸,1997-06-28,土,岡山,倉敷市付近,17時前,980,55
199709,上陸,1997-07-26,土,徳島,阿南市付近,17時過ぎ,970,70
199709,再上陸,1997-07-26,土,岡山,備前市付近,21時前,975,70
199719,上陸,1997-09-16,火,鹿児島,枕崎市付近,8時過ぎ,960,75
199719,再上陸,1997-09-17,水,岡山,倉敷市付近,0時,998,35
199805,上陸,1998-09-16,水,静岡,御前崎付近,4時半,965,60
199805,再上陸,1998-09-16,水,北海道,釧路市付近,20時,975,50
199807,上陸,1998-09-22,火,和歌山,御坊市付近,13時過ぎ,960,75
199807,再上陸,1998-09-22,火,山形,鶴岡市付近,22時前,990,50
199808,上陸,1998-09-21,月,和歌山,田辺市付近,16時前,994,45
199810,上陸,1998-10-17,土,鹿児島,枕崎市付近,16時半,975,50
199810,再上陸,1998-10-17,土,高知,宿毛市付近,21時,980,50
199810,再上陸,1998-10-17,土,岡山,玉野市付近,23時半,980,50
199916,上陸,1999-09-14,火,宮崎,都井岬付近,17時過ぎ,985,45
199916,再上陸,1999-09-15,水,愛媛,宇和島市付近,3時前,988,35
199916,再上陸,1999-09-15,水,兵庫,明石市付近,10時半,994,45
199918,通過,1999-09-24,金,熊本,天草下島,5時前,940,85
199918,上陸,1999-09-24,金,熊本,北部,6時,950,80
199918,再上陸,1999-09-24,金,山口,宇部市付近,9時前,950,80
199918,再上陸,1999-09-25,土,北海道,渡島半島付近,2時,975,60
199918,再上陸,1999-09-25,土,北海道,天塩町付近,9時過ぎ,980,50
200111,上陸,2001-08-21,火,和歌山,田辺市付近,19時過ぎ,970,55
200111,通過,2001-08-22,水,三重,志摩半島付近,4時過ぎ,975,50
200111,再上陸,2001-08-22,水,静岡,沼津市付近,12時,982,45
200111,再上陸,2001-08-22,水,神奈川,藤沢市付近,14時過ぎ,982,45
200111,再上陸,2001-08-22,水,千葉,船橋市付近,15時半,982,45
200115,上陸,2001-09-11,火,神奈川,鎌倉市付近,9時半,970,55
200206,上陸,2002-07-11,木,千葉,館山市付近,0時過ぎ,970,55
200206,再上陸,2002-07-11,木,北海道,釧路市付近,21時過ぎ,980,45
200207,通過,2002-07-14,日,沖縄,沖縄本島南部,21時,960,70
200207,上陸,2002-07-16,火,静岡,伊豆半島南部,9時過ぎ,975,60
200207,再上陸,2002-07-16,火,千葉,館山市付近,11時前,975,60
200207,通過,2002-07-16,火,千葉,銚子市付近,12時過ぎ,975,60
200221,通過,2002-10-01,火,神奈川,三浦半島,20時,960,70
200221,上陸,2002-10-01,火,神奈川,川崎市付近,20時半,960,70
200221,再上陸,2002-10-02,水,北海道,苫小牧市付近,6時,980,55
200304,上陸,2003-05-31,土,愛媛,宇和島市付近,6時半,985,45
200310,通過,2003-08-07,木,沖縄,沖縄本島付近,9時半,950,80
200310,通過,2003-08-07,木,鹿児島,奄美大島付近,19時半,945,85
200310,上陸,2003-08-08,金,高知,室戸市付近,22時前,950,75
200310,通過,2003-08-09,土,兵庫,淡路島,3時,965,50
200310,再上陸,2003-08-09,土,兵庫,西宮市付近,6時,970,50
200310,再上陸,2003-08-10,日,北海道,襟裳岬付近,1時半,985,40
200404,上陸,2004-06-11,金,高知,室戸市付近,16時過ぎ,994,35
200406,上陸,2004-06-21,月,高知,室戸市付近,9時半,965,70
200406,再上陸,2004-06-21,月,兵庫,明石市付近,13時過ぎ,970,60
200410,上陸,2004-07-31,土,高知,西部（四万十市付近）,16時過ぎ,980,65
200410,再上陸,2004-07-31,土,山口,岩国市付近,21時半,992,45
200411,上陸,2004-08-04,水,徳島,東部（阿南市付近）,22時半,996,40
200411,再上陸,2004-08-05,木,兵庫,相生市付近,1時,998,35
200415,上陸,2004-08-20,金,青森,津軽半島,6時過ぎ,980,60
200415,通過,2004-08-20,金,青森,(下北半島）,8時,980,60
200416,上陸,2004-08-30,月,鹿児島,串木野市付近,10時前,950,80
200416,再上陸,2004-08-30,月,山口,防府市付近,17時半,965,70
200416,再上陸,2004-08-31,火,北海道,函館市付近,12時過ぎ,975,60
200416,再上陸,2004-08-31,火,北海道,長万部町付近,12時半,975,60
200418,通過,2004-09-05,日,沖縄,沖縄本島北部,17時半,925,95
200418,上陸,2004-09-07,火,長崎,長崎市付近,9時半,945,75
200421,上陸,2004-09-29,水,鹿児島,串木野市付近,8時半,970,60
200421,再上陸,2004-09-29,水,高知,宿毛市付近,15時過ぎ,980,55
200421,再上陸,2004-09-29,水,大阪,大阪市付近,20時半,990,50
200422,上陸,2004-10-09,土,静岡,伊豆半島,16時,950,80
200422,通過,2004-10-09,土,神奈川,（三浦半島付近）,17時,965,70
200422,再上陸,2004-10-09,土,千葉,習志野市付近,18時,980,60
200423,上陸,2004-10-20,水,高知,土佐清水市付近,13時,955,75
200423,再上陸,2004-10-20,水,高知,室戸市付近,15時過ぎ,955,75
200423,再上陸,2004-10-20,水,大阪,南部,18時前,960,70
200507,上陸,2005-07-26,火,千葉,鴨川市付近,20時,978,45
200511,通過,2005-08-26,金,神奈川,三浦半島,2時過ぎ,975,65
200511,上陸,2005-08-26,金,千葉,千葉市付近,4時半,980,65
200514,通過,2005-09-06,火,熊本,天草下島,13時,960,70
200514,上陸,2005-09-06,火,長崎,諫早市付近,14時過ぎ,960,65
200514,再上陸,2005-09-08,木,北海道,北部,4時半,985,50
200610,上陸,2006-08-18,金,宮崎,宮崎市付近,1時過ぎ,980,45
200613,通過,2006-09-16,土,沖縄,西表島付近,5時半,919,110
200613,上陸,2006-09-17,日,長崎,佐世保市付近,18時過ぎ,950,80
200704,通過,2007-07-14,土,鹿児島,指宿市付近,13時過ぎ,945,75
200704,上陸,2007-07-14,土,鹿児島,鹿屋市付近,14時過ぎ,945,75
200704,再上陸,2007-07-14,土,高知,土佐清水市付近,21時半,960,65
200704,再上陸,2007-07-15,日,和歌山,串本町付近,5時過ぎ,965,60
200705,上陸,2007-08-02,木,宮崎,日向市付近,18時前,960,80
200705,再上陸,2007-08-03,金,山口,宇部市付近,1時過ぎ,985,55
200705,再上陸,2007-08-04,土,青森,津軽半島,13時,998,35
200705,再上陸,2007-08-04,土,青森,下北半島,14時過ぎ,1000,35
200709,上陸,2007-09-07,金,静岡,伊豆半島南部,0時前,970,65
200709,再上陸,2007-09-08,土,北海道,函館市付近,1時前,992,45
200709,再上陸,2007-09-08,土,北海道,胆振支庁西部,3時半,994,40
200918,上陸,2009-10-08,木,愛知,知多半島付近,5時過ぎ,955,75
201004,上陸,2010-08-12,木,秋田,秋田市付近,17時,994,40
201009,通過,2010-09-07,火,長崎,対馬,11時半,996,45
201009,上陸,2010-09-08,水,福井,敦賀市付近,11時,1004,35
201106,上陸,2011-07-19,火,徳島,南部,23時,960,75
201106,再上陸,2011-07-20,水,和歌山,潮岬付近,10時前,980,55
201112,上陸,2011-09-03,土,高知,東部（安芸市付近）,10時,984,50
201112,再上陸,2011-09-03,土,岡山,南部（倉敷市付近）,18時過ぎ,988,45
201115,上陸,2011-09-21,水,静岡,浜松市付近,14時,950,80
201204,上陸,2012-06-19,火,和歌山,南部（田辺市付近）,17時過ぎ,960,70
201204,再上陸,2012-06-19,火,愛知,東部（西尾市付近）,20時過ぎ,970,65
201217,上陸,2012-09-30,日,和歌山,潮岬付近,15時,965,70
201217,再上陸,2012-09-30,日,三重,志摩半島付近,17時半,965,70
201217,再上陸,2012-09-30,日,愛知,（東部）田原市付近,19時,975,70
201317,上陸,2013-09-04,水,鹿児島,指宿市付近,3時,985,50
201318,上陸,2013-09-16,月,愛知,豊橋市付近,8時前,965,60
201408,上陸,2014-07-10,木,鹿児島,阿久根市付近,7時前,980,50
201408,再上陸,2014-07-10,木,和歌山,南部,18時半,985,50
201408,通過,2014-07-11,金,静岡,伊豆半島南部,2時半頃,990,45
201408,再上陸,2014-07-11,金,千葉,富津市付近,5時前,990,45
201411,上陸,2014-08-10,日,高知,安芸市付近,6時過ぎ,965,70
201411,再上陸,2014-08-10,日,兵庫,姫路市付近,11時前,975,65
201418,上陸,2014-10-06,月,静岡,浜松市付近,8時頃,965,65
201418,再上陸,2014-10-06,月,静岡,沼津市付近,9時半頃,965,65
201419,通過,2014-10-12,日,沖縄,沖縄本島付近,0時半頃,950,80
201419,上陸,2014-10-13,月,鹿児島,枕崎市付近,8時半,970,65
201419,再上陸,2014-10-13,月,高知,宿毛市付近,14時半,975,60
201419,通過,2014-10-13,月,兵庫,淡路島付近,19時半頃,980,55
201419,再上陸,2014-10-13,月,大阪,泉佐野市付近,20時過ぎ,985,50
201511,上陸,2015-07-16,木,高知,室戸市付近,23時頃,965,65
201511,再上陸,2015-07-17,金,岡山,倉敷市付近,6時頃,985,55
201512,通過,2015-07-26,日,長崎,西海市付近,18時頃,996,40
201512,上陸,2015-07-26,日,長崎,佐世保市付近,19時頃,998,40
201515,上陸,2015-08-23,日,沖縄,西表島付近,19時頃,940,90
201515,通過,2015-08-25,火,鹿児島,阿久根市付近,4時過ぎ,945,85
201515,通過,2015-08-25,火,熊本,宇城市付近,5時過ぎ,950,85
201515,上陸,2015-08-25,火,熊本,荒尾市付近,6時過ぎ,955,80
201518,通過,2015-09-09,水,愛知,渥美半島,9時過ぎ,990,45
201518,上陸,2015-09-09,水,愛知,西尾市付近,9時半頃,990,45
201606,通過,2016-08-15,月,北海道,根室半島,8時頃,988,40
201607,上陸,2016-08-17,水,北海道,襟裳岬付近,17時半頃,980,55
201609,上陸,2016-08-22,月,千葉,館山市付近,12時半頃,975,65
201609,再上陸,2016-08-23,火,北海道,日高地方中部,6時前,992,50
201610,上陸,2016-08-30,火,岩手,大船渡市付近,17時半頃,965,65
201611,上陸,2016-08-21,日,北海道,釧路市付近,23時過ぎ,1002,35
201612,上陸,2016-09-05,月,長崎,長崎市付近,1時過ぎ,1000,35
201616,上陸,2016-09-20,火,鹿児島,大隅半島,0時過ぎ,955,75
201616,通過,2016-09-20,火,高知,室戸岬付近,11時頃,970,70
201616,再上陸,2016-09-20,火,和歌山,田辺市付近,13時半頃,980,55
201616,再上陸,2016-09-20,火,愛知,常滑市付近,17時過ぎ,992,45
201703,上陸,2017-07-04,火,長崎,長崎市付近,8時頃,985,55
201703,再上陸,2017-07-04,火,愛媛,宇和島市付近,12時過ぎ,990,50
201703,再上陸,2017-07-04,火,和歌山,田辺市付近,17時前,990,50
201705,通過,2017-08-06,日,鹿児島,屋久島,2時過ぎ,970,60
201705,通過,2017-08-06,日,鹿児島,種子島,9時半頃,970,60
201705,通過,2017-08-07,月,高知,室戸岬,10時前,970,60
201705,上陸,2017-08-07,月,和歌山,北部,15時過ぎ,975,55
201718,上陸,2017-09-17,日,鹿児島,薩摩半島,11時半頃,975,55
201718,上陸,2017-09-17,日,鹿児島,垂水市付近,12時頃,975,55
201718,再上陸,2017-09-17,日,高知,西部,16時半頃,975,55
201718,再上陸,2017-09-17,日,兵庫,明石市付近,22時頃,975,55
201721,上陸,2017-10-23,月,静岡,掛川市付近,3時頃,950,80
201722,通過,2017-10-28,土,沖縄,沖縄本島付近,14時前,975,60
201810,通過,2018-07-21,土,沖縄,沖縄本島付近,8時過ぎ,985,50
201812,上陸,2018-07-29,日,三重,伊勢市付近,1時頃,970,65
201812,再上陸,2018-07-29,日,福岡,豊前市付近,18時前,992,40
201812,通過,2018-07-29,日,長崎,島原半島,23時頃,994,35
201815,上陸,2018-08-15,水,宮崎,日向市付近,2時半頃,998,40
201820,上陸,2018-08-23,木,徳島,南部,21時頃,970,75
201820,再上陸,2018-08-23,木,兵庫,姫路市付近,23時半頃,975,70
201821,上陸,2018-09-04,火,徳島,南部,12時前,950,85
201821,再上陸,2018-09-04,火,兵庫,神戸市付近,14時前,955,85
201824,上陸,2018-09-30,日,和歌山,田辺市付近,20時頃,960,80
201906,上陸,2019-07-27,土,三重,南部,7時頃,1000,35
201908,上陸,2019-08-06,火,宮崎,宮崎市付近,5時頃,970,70
201910,上陸,2019-08-15,木,広島,呉市付近,15時頃,978,45
201915,上陸,2019-09-09,月,千葉,千葉市付近,5時前,960,80
201919,上陸,2019-10-12,土,静岡,伊豆半島,19時前,955,80
202108,上陸,2021-07-28,水,宮城,石巻市付近,6時前,994,35
202109,上陸,2021-08-08,日,鹿児島,枕崎市付近,20時過ぎ,988,40
202109,再上陸,2021-08-09,月,広島,呉市付近,5時過ぎ,984,45
202114,上陸,2021-09-17,金,福岡,福津市付近,19時前,990,50
202114,再上陸,2021-09-18,土,愛媛,松山市付近,0時過ぎ,994,45
202114,再上陸,2021-09-18,土,和歌山,有田市付近,6時過ぎ,996,40
202204,通過,2022-07-02,土,沖縄,沖縄本島付近,23時頃,994,45
202204,上陸,2022-07-05,火,長崎,佐世保市付近,6時前,1000,35
202208,通過,2022-08-13,土,静岡,御前崎付近,15時前,998,40
202208,上陸,2022-08-13,土,静岡,伊豆半島,17時半頃,998,40
202214,通過,2022-09-18,日,鹿児島,屋久島付近,13時半頃,930,90
202214,通過,2022-09-18,日,鹿児島,指宿市付近,18時半頃,940,90
202214,上陸,2022-09-18,日,鹿児島,鹿児島市付近,19時頃,940,90
202214,再上陸,2022-09-19,月,福岡,柳川市付近,3時頃,965,70
202307,上陸,2023-08-15,火,和歌山,潮岬付近,5時前,975,60
202307,再上陸,2023-08-15,火,兵庫,明石市付近,13時頃,985,50
202405,上陸,2024-08-12,月,岩手,大船渡市付近,8時半頃,985,50
202410,上陸,2024-08-29,木,鹿児島,薩摩川内市付近,8時頃,955,75
202505,上陸,2025-07-15,火,北海道,えりも町付近,2時頃,994,40
202512,上陸,2025-08-21,木,鹿児島,日置市付近,17時過ぎ,994,45
202515,上陸,2025-09-05,金,愛媛,愛南町付近,1時半頃,1000,35
202515,通過,2025-09-05,金,高知,室戸市付近,6時頃,1000,35
202515,再上陸,2025-09-05,金,和歌山,北部,8時過ぎ,1000,40
202515,再上陸,2025-09-05,金,愛知,豊橋市付近,12時過ぎ,998,40
202515,通過,2025-09-05,金,静岡,伊豆半島,14時前,994,45
202515,再上陸,2025-09-05,金,千葉,館山市付近,16時半頃,992,45
